aluguel,area_quarto,zona
1.800,129 m² construídos3 quartos,norte
1.390,62 m² construídos2 quartos,norte
2.200,58 m² construídos2 quartos,norte
1.100,48 m² construídos2 quartos,norte
2.000,109 m² construídos3 quartos,norte
1.300,78 m² construídos2 quartos,norte
1.300,62 m² construídos2 quartos,norte
1.200,70 m² construídos2 quartos,norte
4.950,232 m² construídos4 quartos,norte
1.600,66 m² construídos2 quartos,norte
1.200,55 m² construídos1 quarto,norte
1.250,78 m² construídos2 quartos,norte
1.200,53 m² construídos2 quartos,norte
1.700,90 m² construídos2 quartos,norte
1.350,65 m² construídos2 quartos,norte
3.000,140 m² construídos3 quartos,norte
2.000,60 m² construídos2 quartos,norte
1.000,41 m² construídos1 quarto,norte
1.200,73 m² construídos2 quartos,norte
2.850,78 m² construídos2 quartos,norte
1.700,70 m² construídos2 quartos,norte
3.000,143 m² construídos3 quartos,norte
600,50 m² construídos2 quartos,norte
1.650,90 m² construídos3 quartos,norte
1.300,75 m² construídos3 quartos,norte
1.476,70 m² construídos3 quartos,norte
950,65 m² construídos3 quartos,norte
1.800,79 m² construídos2 quartos,norte
800,60 m² construídos2 quartos,norte
800,60 m² construídos2 quartos,norte
650,37 m² construídos1 quarto,norte
600,32 m² construídos1 quarto,norte
1.000,59 m² construídos2 quartos,norte
771,50 m² construídos2 quartos,norte
1.500,58 m² construídos2 quartos,norte
1.000,55 m² construídos2 quartos,norte
1.100,45 m² construídos1 quarto,norte
1.780,75 m² construídos2 quartos,norte
1.370,77 m² construídos3 quartos,norte
1.500,48 m² construídos1 quarto,norte
1.159,75 m² construídos3 quartos,norte
1.570,65 m² construídos3 quartos,norte
1.200,60 m² construídos2 quartos,norte
2.654,142 m² construídos3 quartos,norte
500,65 m² construídos1 quarto,norte
2.600,162 m² construídos3 quartos,norte
1.500,56 m² construídos2 quartos,norte
1.300,66 m² construídos3 quartos,norte
3.000,118 m² construídos3 quartos,norte
1.500,85 m² construídos3 quartos,norte
656,55 m² construídos2 quartos,norte
1.550,85 m² construídos2 quartos,norte
800,62 m² construídos2 quartos,norte
4.000,124 m² construídos4 quartos,norte
1.950,70 m² construídos2 quartos,norte
1.750,70 m² construídos3 quartos,norte
2.000,70 m² construídos2 quartos,norte
2.413,90 m² construídos2 quartos,norte
2.000,100 m² construídos3 quartos,norte
1.900,180 m² construídos3 quartos,norte
1.100,59 m² construídos1 quarto,norte
1.800,44 m² construídos2 quartos,norte
1.200,75 m² construídos2 quartos,norte
1.545,65 m² construídos2 quartos,norte
1.750,74 m² construídos2 quartos,norte
2.100,90 m² construídos4 quartos,norte
900,50 m² construídos2 quartos,norte
1.950,120 m² construídos3 quartos,norte
1.200,150 m² construídos2 quartos,norte
2.000,78 m² construídos2 quartos,norte
1.650,60 m² construídos2 quartos,norte
1.200,88 m² construídos3 quartos,norte
1.500,70 m² construídos2 quartos,norte
1.716,78 m² construídos2 quartos,norte
672,50 m² construídos1 quarto,norte
1.200,140 m² construídos2 quartos,norte
1.300,85 m² construídos2 quartos,norte
1.200,60 m² construídos2 quartos,norte
1.400,60 m² construídos2 quartos,norte
850,67 m² construídos3 quartos,norte
880,45 m² construídos1 quarto,norte
850,53 m² construídos2 quartos,norte
3.400,64 m² construídos2 quartos,norte
3.800,150 m² construídos3 quartos,norte
1.200,100 m² construídos2 quartos,norte
950,55 m² construídos2 quartos,norte
1.502,90 m² construídos3 quartos,norte
800,50 m² construídos2 quartos,norte
2.525,100 m² construídos3 quartos,norte
850,21 m² construídos1 quarto,norte
940,77 m² construídos2 quartos,norte
1.300,40 m² construídos1 quarto,norte
2.047,75 m² construídos2 quartos,norte
2.080,65 m² construídos2 quartos,norte
1.682,73 m² construídos2 quartos,norte
1.500,86 m² construídos2 quartos,norte
1.890,106 m² construídos3 quartos,norte
1.250,65 m² construídos2 quartos,norte
1.216,72 m² construídos3 quartos,norte
870,50 m² construídos2 quartos,norte
680,54 m² construídos2 quartos,norte
1.750,84 m² construídos3 quartos,norte
3.000,83 m² construídos3 quartos,norte
2.500,70 m² construídos2 quartos,norte
2.200,115 m² construídos5 quartos,norte
1.300,85 m² construídos3 quartos,norte
1.900,120 m² construídos3 quartos,norte
1.300,64 m² construídos2 quartos,norte
2.000,74 m² construídos2 quartos,norte
900,40 m² construídos1 quarto,norte
1.850,110 m² construídos3 quartos,norte
2.100,89 m² construídos2 quartos,norte
4.800,200 m² construídos3 quartos,norte
1.000,55 m² construídos2 quartos,norte
1.300,60 m² construídos1 quarto,norte
1.000,48 m² construídos2 quartos,norte
850,50 m² construídos2 quartos,norte
1.406,80 m² construídos2 quartos,norte
1.550,48 m² construídos2 quartos,norte
1.800,70 m² construídos2 quartos,norte
600,50 m² construídos2 quartos,norte
2.200,115 m² construídos3 quartos,norte
1.400,90 m² construídos2 quartos,norte
6.000,240 m² construídos4 quartos,norte
1.100,74 m² construídos3 quartos,norte
870,60 m² construídos1 quarto,norte
900,60 m² construídos2 quartos,norte
1.200,48 m² construídos2 quartos,norte
530,25 m² construídos1 quarto,norte
2.400,120 m² construídos2 quartos,norte
1.800,72 m² construídos2 quartos,norte
6.500,200 m² construídos3 quartos,norte
984,44 m² construídos2 quartos,norte
2.160,37 m² construídos1 quarto,norte
2.540,300 m² construídos3 quartos,norte
1.800,86 m² construídos3 quartos,norte
900,64 m² construídos1 quarto,norte
3.500,300 m² construídos3 quartos,norte
1.351,50 m² construídos2 quartos,norte
1.600,75 m² construídos3 quartos,norte
1.300,60 m² construídos1 quarto,norte
1.500,160 m² construídos2 quartos,norte
1.050,60 m² construídos2 quartos,norte
1.091,57 m² construídos2 quartos,norte
2.500,100 m² construídos3 quartos,norte
750,38 m² construídos2 quartos,norte
2.025,260 m² construídos4 quartos,norte
3.900,70 m² construídos2 quartos,norte
880,50 m² construídos1 quarto,norte
1.450,57 m² construídos2 quartos,norte
10.000,320 m² construídos4 quartos,norte
1.300,35 m² construídos1 quarto,norte
1.000,53 m² construídos2 quartos,norte
1.200,61 m² construídos2 quartos,norte
1.400,80 m² construídos3 quartos,norte
1.900,55 m² construídos2 quartos,norte
2.100,80 m² construídos2 quartos,norte
1.000,43 m² construídos2 quartos,norte
992,40 m² construídos1 quarto,norte
800,61 m² construídos2 quartos,norte
1.116,65 m² construídos2 quartos,norte
900,50 m² construídos1 quarto,norte
1.600,89 m² construídos4 quartos,norte
700,45 m² construídos1 quarto,norte
1.300,160 m² construídos2 quartos,norte
1.200,60 m² construídos2 quartos,norte
1.376,68 m² construídos2 quartos,norte
2.200,105 m² construídos2 quartos,norte
884,50 m² construídos2 quartos,norte
2.003,130 m² construídos3 quartos,norte
4.311,120 m² construídos3 quartos,norte
1.046,50 m² construídos1 quarto,norte
720,65 m² construídos2 quartos,norte
2.200,120 m² construídos3 quartos,norte
2.200,70 m² construídos2 quartos,norte
1.700,80 m² construídos2 quartos,norte
850,30 m² construídos2 quartos,norte
2.200,100 m² construídos4 quartos,norte
1.800,65 m² construídos2 quartos,norte
900,49 m² construídos2 quartos,norte
950,55 m² construídos2 quartos,norte
2.700,65 m² construídos2 quartos,norte
2.500,58 m² construídos3 quartos,norte
1.300,92 m² construídos2 quartos,norte
800,50 m² construídos1 quarto,norte
1.200,86 m² construídos2 quartos,norte
1.500,80 m² construídos2 quartos,norte
2.000,90 m² construídos3 quartos,norte
2.200,100 m² construídos3 quartos,norte
1.500,140 m² construídos3 quartos,norte
3.800,450 m² construídos5 quartos,norte
1.600,50 m² construídos2 quartos,norte
1.785,78 m² construídos2 quartos,norte
670,45 m² construídos1 quarto,norte
2.200,65 m² construídos2 quartos,norte
800,49 m² construídos1 quarto,norte
730,45 m² construídos1 quarto,norte
2.500,289 m² construídos4 quartos,norte
1.680,20 m² construídos2 quartos,norte
1.000,55 m² construídos2 quartos,norte
950,120 m² construídos2 quartos,norte
1.100,70 m² construídos2 quartos,norte
840,50 m² construídos1 quarto,norte
2.900,183 m² construídos3 quartos,norte
1.100,70 m² construídos2 quartos,norte
1.350,91 m² construídos2 quartos,norte
1.000,50 m² construídos2 quartos,norte
1.000,50 m² construídos1 quarto,norte
1.550,72 m² construídos2 quartos,norte
990,49 m² construídos2 quartos,norte
810,46 m² construídos2 quartos,norte
1.100,68 m² construídos2 quartos,norte
800,56 m² construídos2 quartos,norte
1.600,78 m² construídos2 quartos,norte
1.400,140 m² construídos4 quartos,norte
1.100,70 m² construídos1 quarto,norte
820,49 m² construídos1 quarto,norte
1.300,80 m² construídos2 quartos,norte
2.200,67 m² construídos2 quartos,norte
2.500,180 m² construídos2 quartos,norte
1.600,70 m² construídos2 quartos,norte
1.600,70 m² construídos2 quartos,norte
800,70 m² construídos2 quartos,norte
1.386,52 m² construídos2 quartos,norte
1.881,55 m² construídos2 quartos,norte
2.100,100 m² construídos2 quartos,norte
1.600,69 m² construídos2 quartos,norte
1.100,45 m² construídos2 quartos,norte
12.000,400 m² construídos6 quartos,norte
900,48 m² construídos2 quartos,norte
1.000,55 m² construídos2 quartos,norte
1.200,69 m² construídos2 quartos,norte
1.100,70 m² construídos2 quartos,norte
4.800,95 m² construídos3 quartos,norte
1.500,50 m² construídos2 quartos,norte
1.260,62 m² construídos2 quartos,norte
1.100,70 m² construídos2 quartos,norte
2.300,66 m² construídos2 quartos,norte
1.000,66 m² construídos2 quartos,norte
700,35 m² construídos1 quarto,norte
1.370,65 m² construídos2 quartos,norte
1.225,90 m² construídos2 quartos,norte
1.161,43 m² construídos2 quartos,norte
800,45 m² construídos1 quarto,norte
800,50 m² construídos1 quarto,norte
1.050,60 m² construídos2 quartos,norte
1.500,70 m² construídos3 quartos,norte
1.200,66 m² construídos2 quartos,norte
3.150,114 m² construídos3 quartos,norte
1.300,60 m² construídos2 quartos,norte
1.100,24 m² construídos1 quarto,norte
2.244,126 m² construídos2 quartos,norte
1.700,115 m² construídos3 quartos,norte
900,50 m² construídos2 quartos,norte
2.700,90 m² construídos2 quartos,norte
1.300,52 m² construídos1 quarto,norte
1.300,50 m² construídos2 quartos,norte
1.300,65 m² construídos2 quartos,norte
1.250,70 m² construídos2 quartos,norte
850,60 m² construídos2 quartos,norte
1.000,60 m² construídos2 quartos,norte
870,45 m² construídos1 quarto,norte
1.400,90 m² construídos2 quartos,norte
920,70 m² construídos2 quartos,norte
15.000,122 m² construídos3 quartos,norte
1.600,48 m² construídos1 quarto,norte
1.002,60 m² construídos2 quartos,norte
1.500,45 m² construídos2 quartos,norte
1.300,85 m² construídos2 quartos,norte
1.160,25 m² construídos1 quarto,norte
1.100,40 m² construídos1 quarto,norte
850,60 m² construídos2 quartos,norte
2.000,57 m² construídos3 quartos,norte
1.700,50 m² construídos1 quarto,norte
700,49 m² construídos2 quartos,norte
2.500,73 m² construídos3 quartos,norte
1.218,50 m² construídos2 quartos,norte
1.606,80 m² construídos2 quartos,norte
2.520,84 m² construídos2 quartos,norte
1.600,70 m² construídos2 quartos,norte
2.700,75 m² construídos2 quartos,norte
1.000,45 m² construídos2 quartos,norte
1.400,75 m² construídos2 quartos,norte
550,62 m² construídos2 quartos,norte
4.500,138 m² construídos3 quartos,norte
1.100,60 m² construídos2 quartos,norte
650,43 m² construídos2 quartos,norte
950,43 m² construídos2 quartos,norte
3.000,200 m² construídos4 quartos,sul
3.800,100 m² construídos3 quartos,sul
7.000,400 m² construídos3 quartos,sul
2.400,86 m² construídos2 quartos,sul
2.400,121 m² construídos3 quartos,sul
3.000,116 m² construídos3 quartos,sul
4.500,155 m² construídos3 quartos,sul
30.000,350 m² construídos4 quartos,sul
6.000,150 m² construídos3 quartos,sul
5.500,262 m² construídos5 quartos,sul
6.300,214 m² construídos4 quartos,sul
12.000,269 m² construídos4 quartos,sul
6.300,204 m² construídos3 quartos,sul
5.500,115 m² construídos3 quartos,sul
3.100,88 m² construídos2 quartos,sul
5.200,111 m² construídos3 quartos,sul
2.900,200 m² construídos3 quartos,sul
3.500,103 m² construídos2 quartos,sul
9.000,328 m² construídos4 quartos,sul
2.000,85 m² construídos3 quartos,sul
2.500,90 m² construídos2 quartos,sul
2.500,76 m² construídos1 quarto,sul
3.000,65 m² construídos1 quarto,sul
1.600,47 m² construídos1 quarto,sul
3.000,200 m² construídos4 quartos,sul
2.300,44 m² construídos1 quarto,sul
3.000,67 m² construídos2 quartos,sul
1.500,48 m² construídos1 quarto,sul
1.500,40 m² construídos1 quarto,sul
3.000,65 m² construídos1 quarto,sul
3.100,110 m² construídos3 quartos,sul
3.200,120 m² construídos3 quartos,sul
3.000,70 m² construídos2 quartos,sul
2.300,58 m² construídos2 quartos,sul
3.800,88 m² construídos2 quartos,sul
2.900,100 m² construídos3 quartos,sul
7.000,84 m² construídos2 quartos,sul
2.200,55 m² construídos1 quarto,sul
3.000,73 m² construídos2 quartos,sul
1.500,40 m² construídos1 quarto,sul
1.800,50 m² construídos1 quarto,sul
2.300,60 m² construídos2 quartos,sul
3.200,60 m² construídos2 quartos,sul
2.900,106 m² construídos3 quartos,sul
2.300,70 m² construídos2 quartos,sul
1.400,43 m² construídos1 quarto,sul
15.000,370 m² construídos4 quartos,sul
8.400,76 m² construídos2 quartos,sul
2.000,72 m² construídos3 quartos,sul
2.300,96 m² construídos2 quartos,sul
12.000,140 m² construídos3 quartos,sul
5.900,86 m² construídos2 quartos,sul
5.000,53 m² construídos1 quarto,sul
2.400,50 m² construídos1 quarto,sul
1.700,51 m² construídos1 quarto,sul
2.200,46 m² construídos1 quarto,sul
2.500,72 m² construídos2 quartos,sul
6.000,60 m² construídos2 quartos,sul
2.600,85 m² construídos3 quartos,sul
3.000,79 m² construídos3 quartos,sul
1.700,31 m² construídos1 quarto,sul
25.000,481 m² construídos4 quartos,sul
30.000,530 m² construídos5 quartos,sul
25.000,481 m² construídos4 quartos,sul
22.000,240 m² construídos3 quartos,sul
1.700,31 m² construídos1 quarto,sul
6.000,103 m² construídos3 quartos,sul
30.000,900 m² construídos2 quartos,sul
5.200,83 m² construídos2 quartos,sul
5.200,83 m² construídos2 quartos,sul
5.500,111 m² construídos2 quartos,sul
2.700,81 m² construídos2 quartos,sul
5.500,111 m² construídos2 quartos,sul
30.000,360 m² construídos5 quartos,sul
30.000,360 m² construídos5 quartos,sul
6.000,160 m² construídos3 quartos,sul
3.400,80 m² construídos2 quartos,sul
2.400,45 m² construídos1 quarto,sul
2.300,60 m² construídos1 quarto,sul
1.800,50 m² construídos1 quarto,sul
7.000,158 m² construídos3 quartos,sul
4.800,98 m² construídos3 quartos,sul
1.200,41 m² construídos1 quarto,sul
2.000,51 m² construídos2 quartos,sul
2.000,100 m² construídos2 quartos,sul
3.000,30 m² construídos1 quarto,sul
3.500,120 m² construídos3 quartos,sul
6.000,70 m² construídos2 quartos,sul
1.850,30 m² construídos1 quarto,sul
4.800,130 m² construídos3 quartos,sul
2.500,68 m² construídos2 quartos,sul
2.100,55 m² construídos1 quarto,sul
4.566,105 m² construídos3 quartos,sul
2.900,130 m² construídos3 quartos,sul
2.500,60 m² construídos2 quartos,sul
1.557,56 m² construídos1 quarto,sul
10.800,155 m² construídos3 quartos,sul
2.100,94 m² construídos3 quartos,sul
2.820,80 m² construídos2 quartos,sul
4.450,120 m² construídos3 quartos,sul
2.500,24 m² construídos1 quarto,sul
1.650,46 m² construídos1 quarto,sul
3.417,105 m² construídos3 quartos,sul
4.550,80 m² construídos2 quartos,sul
4.669,85 m² construídos2 quartos,sul
2.150,56 m² construídos2 quartos,sul
1.900,25 m² construídos1 quarto,sul
3.250,90 m² construídos2 quartos,sul
1.361,40 m² construídos1 quarto,sul
3.619,80 m² construídos3 quartos,sul
3.468,55 m² construídos2 quartos,sul
1.950,51 m² construídos1 quarto,sul
1.600,38 m² construídos2 quartos,sul
1.850,45 m² construídos1 quarto,sul
1.400,34 m² construídos1 quarto,sul
1.850,50 m² construídos1 quarto,sul
2.500,45 m² construídos1 quarto,sul
1.100,60 m² construídos1 quarto,sul
4.500,73 m² construídos2 quartos,sul
5.000,92 m² construídos3 quartos,sul
2.700,75 m² construídos2 quartos,sul
2.800,37 m² construídos2 quartos,sul
1.874,40 m² construídos1 quarto,sul
4.000,147 m² construídos3 quartos,sul
1.600,35 m² construídos1 quarto,sul
800,20 m² construídos1 quarto,sul
4.000,102 m² construídos3 quartos,sul
1.900,30 m² construídos1 quarto,sul
2.500,60 m² construídos1 quarto,sul
2.174,50 m² construídos1 quarto,sul
8.250,166 m² construídos5 quartos,sul
2.083,45 m² construídos1 quarto,sul
3.000,60 m² construídos1 quarto,sul
2.400,50 m² construídos1 quarto,sul
2.000,40 m² construídos1 quarto,sul
2.500,90 m² construídos2 quartos,sul
1.400,30 m² construídos1 quarto,sul
5.906,100 m² construídos1 quarto,sul
7.500,147 m² construídos4 quartos,sul
4.000,118 m² construídos3 quartos,sul
2.393,71 m² construídos2 quartos,sul
1.100,25 m² construídos1 quarto,sul
3.000,110 m² construídos3 quartos,sul
2.673,70 m² construídos2 quartos,sul
12.000,150 m² construídos3 quartos,sul
2.879,50 m² construídos1 quarto,sul
3.900,72 m² construídos2 quartos,sul
2.900,101 m² construídos2 quartos,sul
1.800,18 m² construídos1 quarto,sul
4.500,70 m² construídos2 quartos,sul
2.142,69 m² construídos1 quarto,sul
1.850,34 m² construídos1 quarto,sul
2.000,25 m² construídos1 quarto,sul
2.721,72 m² construídos2 quartos,sul
2.300,27 m² construídos1 quarto,sul
4.000,70 m² construídos2 quartos,sul
2.781,52 m² construídos1 quarto,sul
4.000,56 m² construídos2 quartos,sul
2.200,55 m² construídos1 quarto,sul
3.000,40 m² construídos1 quarto,sul
5.000,130 m² construídos2 quartos,sul
1.400,31 m² construídos1 quarto,sul
3.500,135 m² construídos3 quartos,sul
2.400,70 m² construídos2 quartos,sul
3.505,155 m² construídos3 quartos,sul
5.200,105 m² construídos3 quartos,sul
2.500,55 m² construídos1 quarto,sul
4.100,82 m² construídos2 quartos,sul
3.780,100 m² construídos3 quartos,sul
3.590,115 m² construídos3 quartos,sul
6.500,81 m² construídos3 quartos,sul
2.300,75 m² construídos2 quartos,sul
1.126,25 m² construídos1 quarto,sul
1.550,85 m² construídos2 quartos,sul
12.500,285 m² construídos4 quartos,sul
15.000,357 m² construídos4 quartos,sul
4.000,176 m² construídos3 quartos,sul
1.600,35 m² construídos1 quarto,sul
1.545,32 m² construídos1 quarto,sul
3.300,90 m² construídos2 quartos,sul
3.500,40 m² construídos1 quarto,sul
2.800,110 m² construídos3 quartos,sul
2.700,61 m² construídos1 quarto,sul
2.700,61 m² construídos1 quarto,sul
1.500,22 m² construídos1 quarto,sul
14.000,392 m² construídos4 quartos,sul
14.000,392 m² construídos4 quartos,sul
3.150,40 m² construídos1 quarto,sul
3.400,40 m² construídos1 quarto,sul
2.500,52 m² construídos1 quarto,sul
2.500,52 m² construídos1 quarto,sul
2.100,50 m² construídos1 quarto,sul
2.100,50 m² construídos1 quarto,sul
2.300,70 m² construídos2 quartos,sul
2.500,60 m² construídos1 quarto,sul
1.100,50 m² construídos1 quarto,sul
2.060,90 m² construídos3 quartos,sul
4.500,148 m² construídos3 quartos,sul
10.000,180 m² construídos3 quartos,sul
2.700,55 m² construídos1 quarto,sul
1.200,40 m² construídos1 quarto,sul
2.700,55 m² construídos1 quarto,sul
2.750,45 m² construídos1 quarto,sul
2.750,45 m² construídos1 quarto,sul
2.200,84 m² construídos3 quartos,sul
2.500,70 m² construídos2 quartos,sul
7.500,373 m² construídos3 quartos,sul
2.000,75 m² construídos2 quartos,sul
2.100,100 m² construídos3 quartos,sul
1.200,30 m² construídos,sul
1.800,80 m² construídos2 quartos,sul
2.000,56 m² construídos1 quarto,sul
2.450,79 m² construídos2 quartos,sul
9.420,151 m² construídos3 quartos,sul
3.600,125 m² construídos3 quartos,sul
2.500,95 m² construídos2 quartos,sul
18.000,380 m² construídos4 quartos,sul
2.300,80 m² construídos2 quartos,sul
4.200,180 m² construídos3 quartos,sul
12.000,170 m² construídos3 quartos,sul
1.500,38 m² construídos1 quarto,sul
7.000,85 m² construídos2 quartos,sul
22.000,240 m² construídos3 quartos,sul
4.300,103 m² construídos2 quartos,sul
6.300,204 m² construídos3 quartos,sul
10.000,140 m² construídos3 quartos,sul
11.000,140 m² construídos3 quartos,sul
10.990,210 m² construídos4 quartos,sul
9.500,389 m² construídos4 quartos,sul
21.900,240 m² construídos4 quartos,sul
2.200,38 m² construídos1 quarto,sul
4.720,140 m² construídos3 quartos,sul
3.400,110 m² construídos3 quartos,sul
4.990,100 m² construídos3 quartos,sul
9.500,150 m² construídos3 quartos,sul
2.300,85 m² construídos2 quartos,sul
3.600,96 m² construídos2 quartos,sul
11.000,168 m² construídos3 quartos,sul
20.000,200 m² construídos3 quartos,sul
21.900,240 m² construídos4 quartos,sul
4.500,82 m² construídos2 quartos,sul
5.560,133 m² construídos4 quartos,sul
1.500,28 m² construídos1 quarto,sul
8.000,242 m² construídos4 quartos,sul
6.700,77 m² construídos2 quartos,sul
15.500,170 m² construídos3 quartos,sul
4.300,102 m² construídos3 quartos,sul
15.000,189 m² construídos4 quartos,sul
1.550,36 m² construídos1 quarto,sul
2.500,35 m² construídos1 quarto,sul
36.000,320 m² construídos4 quartos,sul
18.000,230 m² construídos3 quartos,sul
4.800,145 m² construídos3 quartos,sul
2.800,50 m² construídos1 quarto,sul
3.400,80 m² construídos2 quartos,sul
12.000,170 m² construídos3 quartos,sul
9.500,389 m² construídos4 quartos,sul
4.000,80 m² construídos3 quartos,sul
2.300,67 m² construídos2 quartos,sul
2.600,64 m² construídos2 quartos,sul
28.000,292 m² construídos3 quartos,sul
6.000,100 m² construídos3 quartos,sul
4.400,202 m² construídos4 quartos,sul
1.400,27 m² construídos1 quarto,sul
20.000,278 m² construídos3 quartos,sul
2.000,63 m² construídos2 quartos,sul
13.000,320 m² construídos3 quartos,sul
4.000,105 m² construídos3 quartos,sul
3.000,97 m² construídos3 quartos,sul
3.000,70 m² construídos2 quartos,sul
15.000,356 m² construídos4 quartos,sul
13.500,210 m² construídos3 quartos,sul
3.200,127 m² construídos3 quartos,sul
7.150,159 m² construídos3 quartos,sul
7.500,115 m² construídos2 quartos,sul
3.600,96 m² construídos2 quartos,sul
5.800,140 m² construídos3 quartos,sul
2.800,110 m² construídos3 quartos,sul
2.000,52 m² construídos1 quarto,sul
12.000,150 m² construídos2 quartos,sul
4.000,100 m² construídos3 quartos,sul
2.600,83 m² construídos2 quartos,sul
3.600,160 m² construídos4 quartos,sul
1.200,30 m² construídos,sul
3.100,95 m² construídos2 quartos,sul
3.000,91 m² construídos3 quartos,sul
4.300,110 m² construídos3 quartos,sul
6.300,203 m² construídos3 quartos,sul
1.800,129 m² construídos3 quartos,leste
5.000,220 m² construídos4 quartos,leste
1.390,62 m² construídos2 quartos,leste
3.800,100 m² construídos3 quartos,leste
1.100,145 m² construídos2 quartos,leste
600,80 m² construídos2 quartos,leste
2.200,110 m² construídos3 quartos,leste
1.100,62 m² construídos2 quartos,leste
3.900,137 m² construídos3 quartos,leste
800,68 m² construídos2 quartos,leste
900,50 m² construídos1 quarto,leste
1.500,63 m² construídos2 quartos,leste
1.100,60 m² construídos1 quarto,leste
1.200,70 m² construídos1 quarto,leste
3.000,104 m² construídos3 quartos,leste
1.900,80 m² construídos3 quartos,leste
700,18 m² construídos1 quarto,leste
550,45 m² construídos2 quartos,leste
5.000,225 m² construídos3 quartos,leste
1.800,75 m² construídos3 quartos,leste
7.500,373 m² construídos3 quartos,leste
3.500,170 m² construídos4 quartos,leste
800,65 m² construídos2 quartos,leste
1.950,70 m² construídos1 quarto,leste
1.000,71 m² construídos2 quartos,leste
1.300,110 m² construídos2 quartos,leste
2.100,100 m² construídos3 quartos,leste
800,60 m² construídos2 quartos,leste
1.200,30 m² construídos,leste
1.800,80 m² construídos2 quartos,leste
600,52 m² construídos2 quartos,leste
1.800,97 m² construídos3 quartos,leste
1.500,38 m² construídos1 quarto,leste
1.300,59 m² construídos2 quartos,leste
1.500,28 m² construídos1 quarto,leste
1.550,36 m² construídos1 quarto,leste
2.500,35 m² construídos1 quarto,leste
1.000,80 m² construídos2 quartos,leste
550,64 m² construídos2 quartos,leste
5.000,144 m² construídos4 quartos,leste
1.500,80 m² construídos2 quartos,leste
600,53 m² construídos2 quartos,leste
800,61 m² construídos2 quartos,leste
600,66 m² construídos2 quartos,leste
1.050,57 m² construídos2 quartos,leste
7.000,177 m² construídos4 quartos,leste
900,80 m² totais2 quartos,leste
6.000,300 m² construídos4 quartos,leste
800,51 m² construídos1 quarto,leste
1.200,30 m² construídos,leste
750,80 m² construídos2 quartos,leste
3.100,95 m² construídos2 quartos,leste
890,45 m² construídos1 quarto,leste
500,48 m² construídos2 quartos,leste
700,50 m² construídos2 quartos,leste
4.000,50 m² totais1 quarto,leste
1.300,38 m² construídos1 quarto,leste
650,30 m² construídos1 quarto,leste
1.300,54 m² construídos2 quartos,leste
1.600,66 m² construídos3 quartos,leste
500,45 m² construídos2 quartos,leste
800,67 m² construídos,leste
790,70 m² construídos2 quartos,leste
4.000,100 m² construídos2 quartos,leste
500,37 m² construídos2 quartos,leste
1.100,30 m² construídos1 quarto,leste
1.250,30 m² construídos,leste
900,25 m² construídos,leste
1.050,30 m² construídos,leste
1.900,41 m² construídos1 quarto,leste
1.000,25 m² construídos,leste
1.000,65 m² construídos2 quartos,leste
2.000,55 m² construídos1 quarto,leste
4.000,298 m² construídos3 quartos,leste
2.000,94 m² construídos2 quartos,leste
1.300,52 m² construídos1 quarto,leste
1.000,51 m² construídos2 quartos,leste
2.000,80 m² construídos1 quarto,leste
700,27 m² construídos1 quarto,leste
700,23 m² construídos1 quarto,leste
2.057,50 m² construídos1 quarto,leste
2.900,121 m² construídos3 quartos,leste
950,48 m² construídos1 quarto,leste
1.500,40 m² construídos1 quarto,leste
900,55 m² construídos2 quartos,leste
1.700,93 m² construídos3 quartos,leste
950,47 m² construídos2 quartos,leste
21.500,550 m² construídos4 quartos,leste
1.300,40 m² construídos1 quarto,leste
900,55 m² construídos1 quarto,leste
3.200,357 m² construídos4 quartos,leste
3.000,121 m² construídos3 quartos,leste
5.000,150 m² construídos3 quartos,leste
3.499,120 m² construídos3 quartos,leste
1.000,70 m² construídos2 quartos,leste
800,68 m² construídos2 quartos,leste
5.000,220 m² construídos4 quartos,oeste
1.100,145 m² construídos2 quartos,oeste
600,80 m² construídos2 quartos,oeste
2.200,110 m² construídos3 quartos,oeste
540,62 m² construídos2 quartos,oeste
1.100,62 m² construídos2 quartos,oeste
3.900,137 m² construídos3 quartos,oeste
800,68 m² construídos2 quartos,oeste
8.000,393 m² construídos5 quartos,oeste
3.750,128 m² construídos3 quartos,oeste
1.800,53 m² construídos2 quartos,oeste
2.300,53 m² construídos2 quartos,oeste
2.900,77 m² construídos3 quartos,oeste
2.900,77 m² construídos3 quartos,oeste
2.300,53 m² construídos2 quartos,oeste
5.000,235 m² construídos4 quartos,oeste
2.300,53 m² construídos2 quartos,oeste
2.900,77 m² construídos3 quartos,oeste
2.900,77 m² construídos3 quartos,oeste
1.200,65 m² construídos2 quartos,oeste
1.100,64 m² construídos2 quartos,oeste
820,44 m² construídos2 quartos,oeste
1.000,50 m² construídos1 quarto,oeste
3.000,88 m² construídos3 quartos,oeste
1.600,51 m² construídos2 quartos,oeste
1.600,51 m² construídos2 quartos,oeste
2.900,105 m² construídos2 quartos,oeste
3.500,70 m² construídos2 quartos,oeste
3.200,116 m² construídos3 quartos,oeste
1.100,64 m² construídos2 quartos,oeste
2.900,77 m² construídos3 quartos,oeste
5.000,130 m² construídos3 quartos,oeste
5.500,185 m² construídos4 quartos,oeste
4.200,198 m² construídos3 quartos,oeste
7.500,171 m² construídos4 quartos,oeste
2.500,93 m² construídos2 quartos,oeste
2.000,150 m² construídos2 quartos,oeste
8.700,120 m² construídos3 quartos,oeste
900,65 m² construídos2 quartos,oeste
900,65 m² construídos2 quartos,oeste
1.100,64 m² construídos2 quartos,oeste
1.100,61 m² construídos2 quartos,oeste
3.500,73 m² construídos2 quartos,oeste
2.300,105 m² construídos3 quartos,oeste
2.200,66 m² construídos2 quartos,oeste
3.000,95 m² construídos3 quartos,oeste
1.600,50 m² construídos2 quartos,oeste
1.600,50 m² construídos2 quartos,oeste
750,53 m² construídos1 quarto,oeste
1.000,88 m² construídos2 quartos,oeste
7.250,104 m² construídos4 quartos,oeste
3.750,110 m² construídos3 quartos,oeste
2.100,68 m² construídos1 quarto,oeste
1.990,70 m² construídos2 quartos,oeste
3.250,70 m² construídos1 quarto,oeste
1.310,52 m² construídos2 quartos,oeste
2.800,30 m² construídos1 quarto,oeste
1.700,70 m² construídos2 quartos,oeste
1.400,70 m² construídos3 quartos,oeste
600,67 m² construídos2 quartos,oeste
4.200,178 m² construídos4 quartos,oeste
1.310,52 m² construídos2 quartos,oeste
3.869,500 m² construídos4 quartos,oeste
3.400,60 m² construídos3 quartos,oeste
2.300,45 m² construídos1 quarto,oeste
1.000,55 m² construídos2 quartos,oeste
2.600,110 m² construídos2 quartos,oeste
2.500,70 m² construídos2 quartos,oeste
800,65 m² construídos2 quartos,oeste
1.890,59 m² construídos2 quartos,oeste
4.000,180 m² construídos3 quartos,oeste
3.200,81 m² construídos2 quartos,oeste
1.000,52 m² construídos2 quartos,oeste
866,68 m² construídos2 quartos,oeste
850,37 m² construídos1 quarto,oeste
3.500,80 m² construídos2 quartos,oeste
2.700,65 m² construídos2 quartos,oeste
3.400,140 m² construídos4 quartos,oeste
1.000,60 m² construídos2 quartos,oeste
1.062,46 m² construídos2 quartos,oeste
1.600,52 m² construídos2 quartos,oeste
1.406,65 m² construídos2 quartos,oeste
8.100,167 m² construídos4 quartos,oeste
4.200,145 m² construídos3 quartos,oeste
2.800,100 m² construídos3 quartos,oeste
2.700,68 m² construídos2 quartos,oeste
1.047,65 m² construídos1 quarto,oeste
900,53 m² construídos2 quartos,oeste
1.000,62 m² construídos2 quartos,oeste
2.600,52 m² construídos1 quarto,oeste
1.500,60 m² construídos1 quarto,oeste
950,58 m² construídos2 quartos,oeste
1.500,110 m² construídos2 quartos,oeste
800,65 m² construídos2 quartos,oeste
663,48 m² construídos2 quartos,oeste
4.800,100 m² construídos2 quartos,oeste
790,50 m² construídos2 quartos,oeste
1.350,90 m² construídos3 quartos,oeste
1.400,64 m² construídos2 quartos,oeste
630,28 m² construídos1 quarto,oeste
1.098,56 m² construídos2 quartos,oeste
1.000,57 m² construídos2 quartos,oeste
2.000,69 m² construídos2 quartos,oeste
1.300,55 m² construídos2 quartos,oeste
1.444,115 m² construídos2 quartos,oeste
1.100,60 m² construídos2 quartos,oeste
15.000,320 m² construídos4 quartos,oeste
1.100,52 m² construídos2 quartos,oeste
1.258,50 m² construídos2 quartos,oeste
5.350,40 m² construídos1 quarto,oeste
1.252,50 m² construídos2 quartos,oeste
1.905,53 m² construídos2 quartos,oeste
1.500,65 m² construídos2 quartos,oeste
4.100,119 m² construídos4 quartos,oeste
6.500,90 m² construídos2 quartos,oeste
1.500,30 m² construídos2 quartos,oeste
2.100,85 m² construídos3 quartos,oeste
5.800,503 m² construídos4 quartos,oeste
950,43 m² construídos2 quartos,oeste
14.178,842 m² construídos6 quartos,oeste
2.500,167 m² construídos3 quartos,oeste
3.500,110 m² construídos3 quartos,oeste
900,55 m² construídos2 quartos,oeste
600,50 m² construídos1 quarto,oeste
1.000,52 m² construídos2 quartos,oeste
3.296,150 m² construídos3 quartos,oeste
7.000,600 m² construídos4 quartos,oeste
3.300,110 m² construídos3 quartos,oeste
4.400,190 m² construídos4 quartos,oeste
6.500,147 m² construídos2 quartos,oeste
2.500,84 m² construídos3 quartos,oeste
2.725,70 m² construídos2 quartos,oeste
6.000,450 m² construídos6 quartos,oeste
3.000,60 m² construídos2 quartos,oeste
1.600,52 m² construídos2 quartos,oeste
660,45 m² construídos1 quarto,oeste
2.000,55 m² construídos2 quartos,oeste
1.600,50 m² construídos2 quartos,oeste
2.677,80 m² construídos3 quartos,oeste
900,42 m² construídos2 quartos,oeste
1.050,45 m² construídos1 quarto,oeste
10.000,300 m² construídos3 quartos,oeste
1.600,57 m² construídos3 quartos,oeste
9.000,420 m² construídos4 quartos,oeste
660,45 m² construídos2 quartos,oeste
2.784,120 m² construídos4 quartos,oeste
1.300,46 m² construídos2 quartos,oeste
875,46 m² construídos2 quartos,oeste
650,45 m² construídos2 quartos,oeste
800,46 m² construídos2 quartos,oeste
1.100,52 m² construídos2 quartos,oeste
700,52 m² construídos2 quartos,oeste
700,42 m² construídos2 quartos,oeste
900,43 m² construídos2 quartos,oeste
1.700,500 m² construídos3 quartos,oeste
3.800,93 m² construídos3 quartos,oeste
1.300,50 m² construídos2 quartos,oeste
1.500,72 m² construídos2 quartos,oeste
6.000,603 m² construídos3 quartos,oeste
4.000,92 m² construídos3 quartos,oeste
1.500,75 m² construídos3 quartos,oeste
1.400,60 m² construídos2 quartos,oeste
3.260,89 m² construídos3 quartos,oeste
5.500,236 m² construídos4 quartos,oeste
1.300,58 m² construídos2 quartos,oeste
2.500,120 m² construídos3 quartos,oeste
1.500,50 m² construídos2 quartos,oeste
1.000,60 m² construídos2 quartos,oeste
500,48 m² construídos1 quarto,oeste
3.000,74 m² construídos2 quartos,oeste
2.300,40 m² construídos1 quarto,oeste
1.000,42 m² construídos2 quartos,oeste
1.150,50 m² construídos2 quartos,oeste
1.400,55 m² construídos3 quartos,oeste
3.950,70 m² construídos2 quartos,oeste
2.600,89 m² construídos2 quartos,oeste
1.700,96 m² construídos3 quartos,oeste
900,50 m² construídos3 quartos,oeste
1.310,52 m² construídos2 quartos,oeste
1.310,52 m² construídos2 quartos,oeste
1.160,51 m² construídos2 quartos,oeste
15.000,450 m² construídos4 quartos,oeste
1.310,52 m² construídos2 quartos,oeste
4.600,170 m² construídos4 quartos,oeste
1.100,51 m² construídos2 quartos,oeste
1.103,58 m² construídos2 quartos,oeste
5.500,320 m² construídos4 quartos,oeste
1.310,52 m² construídos2 quartos,oeste
1.000,56 m² construídos2 quartos,oeste
700,50 m² construídos2 quartos,oeste
1.500,65 m² construídos2 quartos,oeste
1.200,110 m² construídos2 quartos,oeste
1.400,46 m² construídos2 quartos,oeste
1.870,90 m² construídos3 quartos,oeste
1.300,73 m² construídos2 quartos,oeste
1.800,70 m² construídos1 quarto,oeste
1.000,45 m² construídos2 quartos,oeste
600,50 m² construídos1 quarto,oeste
1.318,70 m² construídos2 quartos,oeste
5.000,100 m² construídos4 quartos,oeste
600,56 m² construídos2 quartos,oeste
3.300,130 m² construídos2 quartos,oeste
650,48 m² construídos2 quartos,oeste
1.193,60 m² construídos2 quartos,oeste
5.500,133 m² construídos3 quartos,oeste
2.500,99 m² construídos2 quartos,oeste
580,43 m² construídos2 quartos,oeste
630,60 m² construídos2 quartos,oeste
5.200,220 m² construídos4 quartos,oeste
15.000,180 m² construídos2 quartos,oeste
1.600,80 m² construídos3 quartos,oeste
1.900,72 m² construídos2 quartos,oeste
2.900,30 m² construídos1 quarto,oeste
1.310,52 m² construídos2 quartos,oeste
1.500,90 m² construídos1 quarto,oeste
1.310,52 m² construídos2 quartos,oeste
650,30 m² construídos1 quarto,oeste
800,49 m² construídos2 quartos,oeste
1.310,54 m² construídos2 quartos,oeste
1.100,48 m² construídos2 quartos,oeste
620,28 m² construídos1 quarto,oeste
2.700,86 m² construídos3 quartos,oeste
1.000,58 m² construídos2 quartos,oeste
880,55 m² construídos2 quartos,oeste
572,42 m² construídos2 quartos,oeste
6.000,100 m² construídos3 quartos,oeste
1.100,52 m² construídos2 quartos,oeste
1.600,100 m² construídos2 quartos,oeste
1.250,48 m² construídos2 quartos,oeste
1.995,36 m² construídos1 quarto,oeste
600,50 m² construídos2 quartos,oeste
7.000,224 m² construídos4 quartos,oeste
1.500,70 m² construídos2 quartos,oeste
3.460,140 m² construídos3 quartos,oeste
1.093,54 m² construídos2 quartos,oeste
800,70 m² construídos2 quartos,oeste
700,23 m² construídos1 quarto,oeste
1.150,50 m² construídos2 quartos,oeste
1.300,80 m² construídos2 quartos,oeste
650,60 m² construídos2 quartos,oeste
1.120,60 m² construídos2 quartos,oeste
550,25 m² construídos1 quarto,oeste
3.500,82 m² construídos3 quartos,oeste
1.310,50 m² construídos2 quartos,oeste
2.000,70 m² construídos1 quarto,oeste
3.500,82 m² construídos3 quartos,oeste
1.300,50 m² construídos2 quartos,oeste
1.760,178 m² construídos4 quartos,oeste
2.600,78 m² construídos3 quartos,oeste
2.999,88 m² construídos3 quartos,oeste
2.700,104 m² construídos2 quartos,oeste
3.000,116 m² construídos3 quartos,oeste
950,47 m² construídos1 quarto,oeste
3.924,80 m² construídos3 quartos,oeste
2.350,142 m² construídos3 quartos,oeste
1.100,61 m² construídos2 quartos,oeste
1.150,50 m² construídos2 quartos,oeste
3.208,50 m² construídos1 quarto,oeste
1.000,43 m² construídos2 quartos,oeste
1.000,65 m² construídos2 quartos,oeste
3.000,104 m² construídos3 quartos,oeste
1.900,80 m² construídos3 quartos,oeste
700,18 m² construídos1 quarto,oeste
1.500,80 m² construídos2 quartos,oeste
4.950,145 m² construídos3 quartos,oeste
5.000,225 m² construídos3 quartos,oeste
1.800,75 m² construídos3 quartos,oeste
600,141 m² construídos4 quartos,oeste
3.500,170 m² construídos4 quartos,oeste
800,65 m² construídos2 quartos,oeste
1.100,79 m² construídos2 quartos,oeste
1.950,70 m² construídos1 quarto,oeste
800,53 m² construídos2 quartos,oeste
2.200,85 m² construídos2 quartos,oeste
2.300,93 m² construídos2 quartos,oeste
900,85 m² construídos2 quartos,oeste
1.500,77 m² construídos2 quartos,oeste
800,60 m² construídos2 quartos,oeste
4.850,90 m² construídos1 quarto,oeste
1.100,90 m² construídos3 quartos,oeste
3.000,50 m² construídos1 quarto,oeste
25.000,340 m² construídos3 quartos,oeste
800,58 m² construídos2 quartos,oeste
1.200,70 m² construídos2 quartos,oeste
1.100,90 m² construídos3 quartos,oeste
600,52 m² construídos2 quartos,oeste
3.795,154 m² construídos3 quartos,oeste
13.500,240 m² construídos3 quartos,oeste
